{
  "initial_balance": 10000.0,
  "final_balance": 13373.602643155624,
  "total_return": 0.33736026431556243,
  "num_trades": 7,
  "win_rate": 0.625,
  "num_wins": 5,
  "num_losses": 3,
  "avg_win": 4.861963971467833,
  "avg_loss": -6.833383000374959,
  "gross_profit": 24.309819857339164,
  "gross_loss": -20.50014900112488,
  "per_strategy": {
    "MovingAverageCrossoverStrategy": {
      "num_trades": 2,
      "gross_profit": 7.5217764525341595,
      "gross_loss": -4.653320728896312,
      "total_pnl": 2.8684557236378474,
      "win_rate": 0.5,
      "avg_win": 7.5217764525341595,
      "avg_loss": -4.653320728896312,
      "num_wins": 1,
      "num_losses": 1
    },
    "GridTradingStrategy": {
      "num_trades": 4,
      "gross_profit": 16.758897597337267,
      "gross_loss": -15.813826088239415,
      "total_pnl": 0.9450715090978523,
      "win_rate": 0.75,
      "avg_win": 5.586299199112422,
      "avg_loss": -15.813826088239415,
      "num_wins": 3,
      "num_losses": 1
    },
    "DCAStrategy": {
      "num_trades": 2,
      "gross_profit": 0.0291458074677362,
      "gross_loss": -0.03300218398914972,
      "total_pnl": -0.003856376521413518,
      "win_rate": 0.5,
      "avg_win": 0.0291458074677362,
      "avg_loss": -0.03300218398914972,
      "num_wins": 1,
      "num_losses": 1
    }
  },
  "max_drawdown": -0.00143692763835631,
  "sharpe": 16.348807003093142
}